city,pop2013,pop2018,percent5yrs,,Average
"The Villages, FL Metro Area",107056,128754,20.26789718,,2.615477164
"Myrtle Beach-Conway-North Myrtle Beach, SC-NC Metro Area",404951,480891,18.75288615,,
"Bozeman, MT Micro Area",94720,111876,18.11233108,,
"Greeley, CO Metro Area",269785,314305,16.50202939,,
"St. George, UT Metro Area",147800,171700,16.17050068,,
"Bend-Redmond, OR Metro Area",165954,191996,15.69230028,,
"Austin-Round Rock, TX Metro Area",1883051,2168316,15.14908518,,
"Cape Coral-Fort Myers, FL Metro Area",661115,754610,14.14201765,,
"Midland, TX Metro Area",155723,177218,13.80335596,,
"Lakeland-Winter Haven, FL Metro Area",623009,708009,13.64346261,,
"Orlando-Kissimmee-Sanford, FL Metro Area",2267846,2572962,13.45399996,,
"Boise City, ID Metro Area",649321,732257,12.7727272,,
"Fayetteville-Springdale-Rogers, AR-MO Metro Area",491755,553795,12.61603847,,
"Provo-Orem, UT Metro Area",562338,632705,12.51329272,,
"Punta Gorda, FL Metro Area",164736,184998,12.29967949,,
"Raleigh, NC Metro Area",1214516,1362540,12.18790037,,
"North Port-Sarasota-Bradenton, FL Metro Area",732535,821573,12.15477759,,
"Coeur d'Alene, ID Metro Area",144265,161505,11.95023048,,
"Winchester, VA-WV Metro Area",126900,141848,11.77935382,,
"Daphne-Fairhope-Foley, AL Metro Area",195540,218022,11.49739184,,
"Naples-Immokalee-Marco Island, FL Metro Area",339642,378488,11.43733696,,
"Fort Collins, CO Metro Area",315988,350518,10.92763016,,
"College Station-Bryan, TX Metro Area",238939,265024,10.91701229,,
"Sebastian-Vero Beach, FL Metro Area",141994,157413,10.85890953,,
"Houston-The Woodlands-Sugar Land, TX Metro Area",6313158,6997384,10.83809403,,
"Dallas-Fort Worth-Arlington, TX Metro Area",6812373,7540371,10.68640839,,
"Charleston-North Charleston, SC Metro Area",712220,787643,10.58984583,,
"San Antonio-New Braunfels, TX Metro Area",2277516,2518036,10.56062833,,
"Phoenix-Mesa-Scottsdale, AZ Metro Area",4398762,4857962,10.43930088,,
"Las Vegas-Henderson-Paradise, NV Metro Area",2027868,2231647,10.04892823,,
"Jacksonville, FL Metro Area",1394624,1534701,10.04406923,,
"Port St. Lucie, FL Metro Area",438095,482040,10.03092936,,
"Charlotte-Concord-Gastonia, NC-SC Metro Area",2335358,2569213,10.01366814,,
"Nashville-Davidson--Murfreesboro--Franklin, TN Metro Area",1757424,1932099,9.939263376,,
"Crestview-Fort Walton Beach-Destin, FL Metro Area",253618,278644,9.867596149,,
"Fargo, ND-MN Metro Area",223490,245471,9.835339389,,
"Deltona-Daytona Beach-Ormond Beach, FL Metro Area",600756,659605,9.795823929,,
"Kalispell, MT Micro Area",93068,102106,9.711178923,,
"Hilton Head Island-Bluffton-Beaufort, SC Metro Area",198467,217686,9.683725758,,
"Wilmington, NC Metro Area",268601,294436,9.618355851,,
"Sherman-Denison, TX Metro Area",122353,133991,9.51182235,,
"Tampa-St. Petersburg-Clearwater, FL Metro Area",2870569,3142663,9.478747942,,
"Bellingham, WA Metro Area",206353,225685,9.368412381,,
"Des Moines-West Des Moines, IA Metro Area",599789,655409,9.273261097,,
"Kennewick-Richland, WA Metro Area",271124,296224,9.257756598,,
"Sioux Falls, SD Metro Area",243637,266100,9.219863978,,
"Olympia-Tumwater, WA Metro Area",262388,286419,9.158574325,,
"Seattle-Tacoma-Bellevue, WA Metro Area",3610105,3939363,9.120454945,,
"Colorado Springs, CO Metro Area",678319,738939,8.936798173,,
"Logan, UT-ID Metro Area",129956,141476,8.864538767,,
"Ogden-Clearfield, UT Metro Area",621853,676948,8.85981092,,
"Denver-Aurora-Lakewood, CO Metro Area",2697476,2932415,8.709586295,,
"Auburn-Opelika, AL Metro Area",150933,163941,8.618393592,,
"Statesboro, GA Micro Area",71214,77296,8.540455528,,
"Odessa, TX Metro Area",149378,162124,8.532715661,,
"Bowling Green, KY Metro Area",163300,177183,8.501530925,,
"Idaho Falls, ID Metro Area",137554,149051,8.358172063,,
"Palm Bay-Melbourne-Titusville, FL Metro Area",550823,596849,8.355860231,,
"Sebring, FL Metro Area",97616,105424,7.99868874,,
"Twin Falls, ID Micro Area",101176,109264,7.99399067,,
"Salem, OR Metro Area",400408,432102,7.915426265,,
"Mount Vernon-Anacortes, WA Metro Area",118837,128206,7.88390821,,
"Prescott, AZ Metro Area",215133,231993,7.837012453,,
"Burlington, NC Metro Area",154378,166436,7.810698416,,
"Pinehurst-Southern Pines, NC Micro Area",91587,98682,7.746732615,,
"Atlanta-Sandy Springs-Roswell, GA Metro Area",5524693,5950828,7.713279272,,
"Gainesville, GA Metro Area",187745,202148,7.671575808,,
"Durham-Chapel Hill, NC Metro Area",534578,575412,7.638548537,,
"Iowa City, IA Metro Area",161170,173401,7.588881305,,
"Glenwood Springs, CO Micro Area",72710,78170,7.509283455,,
"Dunn, NC Micro Area",124987,134214,7.382367766,,
"Reno, NV Metro Area",439047,471265,7.338166529,,
"Athens-Clarke County, GA Metro Area",197357,211802,7.319223539,,
"Albany, OR Metro Area",118765,127335,7.215930619,,
"Salt Lake City, UT Metro Area",1140483,1222540,7.194934076,,
"Oak Harbor, WA Micro Area",78801,84460,7.181380947,,
"Spokane-Spokane Valley, WA Metro Area",535189,573527,7.163450669,,
"Columbus, OH Metro Area",1967066,2106541,7.090509419,,
"Portland-Vancouver-Hillsboro, OR-WA Metro Area",2315089,2478996,7.079943795,,
"Longview, WA Metro Area",101860,108987,6.996858433,,
"Spartanburg, SC Metro Area",318999,341298,6.990304045,,
"Stockton-Lodi, CA Metro Area",704379,752660,6.854406506,,
"Jacksonville, NC Metro Area",185220,197683,6.728754994,,
"Killeen-Temple, TX Metro Area",423253,451681,6.716550148,,
"Clarksville, TN-KY Metro Area",272452,290745,6.71421021,,
"Ocala, FL Metro Area",337362,359977,6.70348172,,
"Hammond, LA Metro Area",125412,133777,6.670015628,,
"Eugene, OR Metro Area",356212,379611,6.568841027,,
"Tyler, TX Metro Area",216080,230221,6.544335431,,
"Greenville-Anderson-Mauldin, SC Metro Area",850965,906626,6.540927065,,
"Savannah, GA Metro Area",366047,389494,6.405461594,,
"Salisbury, MD-DE Metro Area",385438,409979,6.36704217,,
"Corvallis, OR Metro Area",86591,92101,6.363247913,,
"Miami-Fort Lauderdale-West Palm Beach, FL Metro Area",5828191,6198782,6.358593945,,
"Missoula, MT Metro Area",111807,118791,6.246478306,,
"Bremerton-Silverdale, WA Metro Area",253968,269805,6.235824986,,
"Lafayette-West Lafayette, IN Metro Area",209611,222676,6.232974415,,
"Lawrence, KS Metro Area",114322,121436,6.222774269,,
"Homosassa Springs, FL Metro Area",139271,147929,6.216656734,,
"Huntsville, AL Metro Area",435737,462693,6.186300452,,
"Ames, IA Metro Area",92406,98105,6.167348441,,
"McAllen-Edinburg-Mission, TX Metro Area",815996,865939,6.120495689,,
"Port Angeles, WA Micro Area",72312,76737,6.119316296,,
"Centralia, WA Micro Area",75081,79604,6.024160573,,
"Bismarck, ND Metro Area",124817,132317,6.008796879,,
"Pensacola-Ferry Pass-Brent, FL Metro Area",466913,494883,5.990409348,,
"Panama City, FL Metro Area",191522,202977,5.981036121,,
"Moses Lake, WA Micro Area",91878,97331,5.935044298,,
"Sacramento--Roseville--Arden-Arcade, CA Metro Area",2215770,2345210,5.841761555,,
"Oklahoma City, OK Metro Area",1319677,1396445,5.817181022,,
"Wenatchee, WA Metro Area",113438,119943,5.734409986,,
"Gainesville, FL Metro Area",273232,288711,5.665149031,,
"Lexington-Fayette, KY Metro Area",489435,516697,5.570096131,,
"Elizabeth City, NC Micro Area",63322,66815,5.516250276,,
"Riverside-San Bernardino-Ontario, CA Metro Area",4380878,4622361,5.512205544,,
"Jonesboro, AR Metro Area",125633,132532,5.491391593,,
"Yuma, AZ Metro Area",201201,212128,5.43088752,,
"Columbia, MO Metro Area",170773,180005,5.406006804,,
"Dover, DE Metro Area",169416,178550,5.391462436,,
"Lincoln, NE Metro Area",316941,333964,5.371031201,,
"Richmond-Berea, KY Micro Area",103433,108961,5.344522541,,
"Hilo, HI Micro Area",190821,200983,5.325409677,,
"Medford, OR Metro Area",208545,219564,5.283751708,,
"Madison, WI Metro Area",627431,660422,5.258108063,,
"Waco, TX Metro Area",257083,270566,5.244609717,,
"Grand Rapids-Wyoming, MI Metro Area",1016603,1069405,5.193964606,,
"Boulder, CO Metro Area",310048,326078,5.1701672,,
"Vallejo-Fairfield, CA Metro Area",424788,446610,5.137150767,,
"Omaha-Council Bluffs, NE-IA Metro Area",895999,941924,5.125563756,,
"Laredo, TX Metro Area",262495,275910,5.110573535,,
"Staunton-Waynesboro, VA Metro Area",117077,123007,5.065042664,,
"Washington-Arlington-Alexandria, DC-VA-MD-WV Metro Area",5950214,6251240,5.059078547,,
"Columbia, SC Metro Area",793360,833165,5.017268327,,
"Asheville, NC Metro Area",437657,459585,5.010316298,,
"Lubbock, TX Metro Area",304830,319995,4.974904045,,
"Minneapolis-St. Paul-Bloomington, MN-WI Metro Area",3459146,3629190,4.915779791,,
"Grants Pass, OR Metro Area",83306,87393,4.906009171,,
"Indianapolis-Carmel-Anderson, IN Metro Area",1953613,2048428,4.85331537,,
"State College, PA Metro Area",155403,162805,4.763099811,,
"Frankfort, KY Micro Area",70142,73478,4.756066266,,
"Harrisonburg, VA Metro Area",129136,135277,4.755451617,,
"San Francisco-Oakland-Hayward, CA Metro Area",4516276,4729484,4.720880655,,
"Ann Arbor, MI Metro Area",354240,370963,4.72081075,,
"Pocatello, ID Metro Area",83249,87138,4.671527586,,
"Tuscaloosa, AL Metro Area",234008,244895,4.652405046,,
"Modesto, CA Metro Area",525491,549815,4.628813814,,
"Flagstaff, AZ Metro Area",136539,142854,4.625052183,,
"Sevierville, TN Micro Area",93570,97892,4.619001817,,
"Athens, TX Micro Area",78675,82299,4.606291706,,
"St. Cloud, MN Metro Area",191306,199801,4.440529832,,
"Seneca, SC Micro Area",75045,78374,4.436005064,,
"Richmond, VA Metro Area",1248513,1303621,4.413890764,,
"Kansas City, MO-KS Metro Area",2052048,2142419,4.403941818,,
"Merced, CA Metro Area",263228,274765,4.382892397,,
"Lake City, FL Micro Area",67543,70503,4.382393438,,
"Kahului-Wailuku-Lahaina, HI Metro Area",160292,167295,4.368901754,,
"Warner Robins, GA Metro Area",185623,193729,4.366915738,,
"Lebanon, PA Metro Area",135486,141314,4.301551452,,
"Tucson, AZ Metro Area",996554,1039073,4.266602713,,
"Huntsville, TX Micro Area",81516,84993,4.265420286,,
"Holland, MI Micro Area",112531,117327,4.261936711,,
"Rapid City, SD Metro Area",141324,147316,4.239902635,,
"Augusta-Richmond County, GA-SC Metro Area",581551,605903,4.187422943,,
"San Jose-Sunnyvale-Santa Clara, CA Metro Area",1919641,1999107,4.139628191,,
"Chico, CA Metro Area",222090,231256,4.127155658,,
"San Diego-Carlsbad, CA Metro Area",3211252,3343364,4.114034028,,
"Fresno, CA Metro Area",955272,994400,4.096006164,,
"Boston-Cambridge-Newton, MA-NH Metro Area",4684299,4875390,4.079393736,,
"Cookeville, TN Micro Area",107526,111825,3.998102784,,
"Columbus, IN Metro Area",79587,82753,3.978036614,,
"Aberdeen, WA Micro Area",71078,73901,3.97169307,,
"Springfield, MO Metro Area",450498,468126,3.913002943,,
"Gulfport-Biloxi-Pascagoula, MS Metro Area",382516,397261,3.854740717,,
"Grand Junction, CO Metro Area",147554,153207,3.831139786,,
"Bakersfield, CA Metro Area",864124,896764,3.777235675,,
"Hagerstown-Martinsburg, MD-WV Metro Area",258294,268049,3.776704066,,
"Kapaa, HI Micro Area",69512,72133,3.770571988,,
"Pueblo, CO Metro Area",161451,167529,3.764609696,,
"Cedar Rapids, IA Metro Area",262421,272295,3.76265619,,
"Stillwater, OK Micro Area",79066,82040,3.761414514,,
"Rochester, MN Metro Area",211853,219802,3.752130015,,
"Billings, MT Metro Area",165730,171894,3.71930248,,
"Yuba City, CA Metro Area",168690,174848,3.650483135,,
"Cleveland, TN Metro Area",120384,124748,3.625066454,,
"Tallahassee, FL Metro Area",373961,387455,3.608397667,,
"Greensboro-High Point, NC Metro Area",741065,767711,3.59563601,,
"Knoxville, TN Metro Area",852147,882598,3.573444488,,
"Walla Walla, WA Metro Area",63361,65611,3.551080318,,
"Amarillo, TX Metro Area",259164,268356,3.546788906,,
"Lake Charles, LA Metro Area",202397,209548,3.533155136,,
"Abilene, TX Metro Area",168144,174006,3.486297459,,
"Tullahoma-Manchester, TN Micro Area",100895,104410,3.483819813,,
"Madera, CA Metro Area",152389,157672,3.46678566,,
"Brunswick, GA Metro Area",113007,116864,3.413062908,,
"Tulsa, OK Metro Area",961321,993928,3.391895111,,
"Chattanooga, TN-GA Metro Area",540387,558703,3.389422766,,
"Coos Bay, OR Micro Area",62282,64389,3.382999904,,
"Cheyenne, WY Metro Area",95809,98976,3.305534971,,
"Appleton, WI Metro Area",229962,237524,3.288369383,,
"Cullman, AL Micro Area",80811,83442,3.255744886,,
"Greenville, NC Metro Area",174263,179914,3.242799676,,
"Branson, MO Micro Area",84872,87601,3.215430295,,
"Lake Havasu City-Kingman, AZ Metro Area",203030,209550,3.211348077,,
"Fort Wayne, IN Metro Area",424122,437631,3.185168419,,
"Winston-Salem, NC Metro Area",650820,671456,3.170769183,,
"Mankato-North Mankato, MN Metro Area",98560,101647,3.132102273,,
"Roseburg, OR Micro Area",106940,110283,3.126051992,,
"Lansing-East Lansing, MI Metro Area",467321,481893,3.118199268,,
"Harrisburg-Carlisle, PA Metro Area",557711,574659,3.03884987,,
"Morgantown, WV Metro Area",136133,140259,3.030859527,,
"Victoria, TX Metro Area",96135,99047,3.029073698,,
"Portland-South Portland, ME Metro Area",519900,535420,2.98518946,,
"El Centro, CA Metro Area",176584,181827,2.969125176,,
"Green Bay, WI Metro Area",312409,321591,2.939095865,,
"Morristown, TN Metro Area",115197,118581,2.937576499,,
"Concord, NH Micro Area",146849,151132,2.916601407,,
"Show Low, AZ Micro Area",107322,110445,2.909934589,,
"Paducah, KY-IL Micro Area",95888,98658,2.888786918,,
"Brainerd, MN Micro Area",91763,94408,2.882425378,,
"Bloomington, IN Metro Area",163089,167762,2.865306673,,
"Manchester-Nashua, NH Metro Area",403985,415247,2.787727267,,
"California-Lexington Park, MD Metro Area",109633,112664,2.764678518,,
"San Luis Obispo-Paso Robles-Arroyo Grande, CA Metro Area",276443,284010,2.737273145,,
"Louisville/Jefferson County, KY-IN Metro Area",1262928,1296815,2.683209177,,
"Charlottesville, VA Metro Area",225531,231565,2.675463683,,
"Klamath Falls, OR Micro Area",65910,67653,2.644515248,,
"Lancaster, PA Metro Area",529600,543557,2.635385196,,
"Fayetteville, NC Metro Area",377193,387094,2.624916157,,
"Cincinnati, OH-KY-IN Metro Area",2134109,2189442,2.592791652,,
"Visalia-Porterville, CA Metro Area",454143,465861,2.580244549,,
"Elkhart-Goshen, IN Metro Area",200563,205560,2.491486466,,
"Eau Claire, WI Metro Area",164570,168669,2.490733427,,
"Santa Maria-Santa Barbara, CA Metro Area",435697,446527,2.485672382,,
"Carson City, NV Metro Area",54080,55414,2.466715976,,
"Kalamazoo-Portage, MI Metro Area",332180,340318,2.449876573,,
"Little Rock-North Little Rock-Conway, AR Metro Area",723743,741357,2.433736838,,
"Traverse City, MI Micro Area",146358,149914,2.429658782,,
"New Orleans-Metairie, LA Metro Area",1240977,1270399,2.370873916,,
"Burlington-South Burlington, VT Metro Area",215539,220612,2.353634377,,
"Worcester, MA-CT Metro Area",926710,947866,2.282914828,,
"Hobbs, NM Micro Area",68062,69611,2.275866122,,
"Faribault-Northfield, MN Micro Area",65049,66523,2.265984104,,
"Rome, GA Metro Area",95821,97927,2.197848071,,
"Palatka, FL Micro Area",72577,74163,2.185265304,,
"Owensboro, KY Metro Area",117149,119691,2.169886213,,
"Lafayette, LA Metro Area",479116,489364,2.138939213,,
"Shawnee, OK Micro Area",71158,72679,2.137496838,,
"York-Hanover, PA Metro Area",438965,448273,2.120442404,,
"Joplin, MO Metro Area",175243,178902,2.087957864,,
"San Angelo, TX Metro Area",116914,119310,2.049369622,,
"Hot Springs, AR Metro Area",97173,99154,2.03863213,,
"Allentown-Bethlehem-Easton, PA-NJ Metro Area",827048,842913,1.918268347,,
"Las Cruces, NM Metro Area",213460,217522,1.902932634,,
"Chambersburg-Waynesboro, PA Metro Area",152085,154835,1.808199362,,
"Corpus Christi, TX Metro Area",444904,452927,1.803310377,,
"Santa Cruz-Watsonville, CA Metro Area",269419,274255,1.794973628,,
"Santa Fe, NM Metro Area",147423,150056,1.786017107,,
"Yakima, WA Metro Area",247044,251446,1.781868817,,
"Alamogordo, NM Micro Area",65616,66781,1.77548159,,
"Warsaw, IN Micro Area",77963,79344,1.771353078,,
"Lynchburg, VA Metro Area",260792,265405,1.768842603,,
"Greenwood, SC Micro Area",93996,95654,1.763904847,,
"Johnson City, TN Metro Area",200591,203921,1.660094421,,
"Albuquerque, NM Metro Area",901932,916791,1.647463445,,
"Beaumont-Port Arthur, TX Metro Area",403622,410233,1.637918647,,
"Reading, PA Metro Area",413521,420152,1.603546132,,
"Lewiston, ID-WA Metro Area",62025,63018,1.600967352,,
"Morehead City, NC Micro Area",68434,69524,1.592775521,,
"Brownsville-Harlingen, TX Metro Area",417276,423908,1.589355726,,
"Salinas, CA Metro Area",428826,435594,1.578262512,,
"Grand Forks, ND-MN Metro Area",100748,102299,1.539484655,,
"El Paso, TX Metro Area",831935,844723,1.53713932,,
"Truckee-Grass Valley, CA Micro Area",98200,99696,1.523421589,,
"Muskegon, MI Metro Area",171008,173588,1.508701347,,
"Janesville-Beloit, WI Metro Area",160739,163129,1.486882462,,
"Albertville, AL Micro Area",94760,96109,1.423596454,,
"LaGrange, GA Micro Area",69053,70034,1.420647908,,
"East Stroudsburg, PA Metro Area",167148,169507,1.411324096,,
"Eureka-Arcata-Fortuna, CA Micro Area",134493,136373,1.397842267,,
"Champaign-Urbana, IL Metro Area",234089,237356,1.395623032,,
"Baton Rouge, LA Metro Area",820159,831310,1.359614416,,
"Oxnard-Thousand Oaks-Ventura, CA Metro Area",839620,850967,1.351444701,,
"Longview, TX Metro Area",216530,219417,1.333302545,,
"Hickory-Lenoir-Morganton, NC Metro Area",363572,368416,1.332335823,,
"Virginia Beach-Norfolk-Newport News, VA-NC Metro Area",1706816,1729114,1.306409127,,
"Russellville, AR Micro Area",84440,85535,1.296778778,,
"Texarkana, TX-AR Metro Area",149800,151675,1.251668892,,
"Gettysburg, PA Metro Area",101546,102811,1.245740847,,
"Fond du Lac, WI Metro Area",101798,103066,1.245604039,,
"Dalton, GA Metro Area",142212,143983,1.245323883,,
"Los Angeles-Long Beach-Anaheim, CA Metro Area",13131431,13291486,1.218869444,,
"Blacksburg-Christiansburg-Radford, VA Metro Area",179738,181926,1.217327443,,
"Dubuque, IA Metro Area",95697,96854,1.209024316,,
"Greeneville, TN Micro Area",68267,69087,1.20116601,,
"South Bend-Mishawaka, IN-MI Metro Area",318619,322424,1.19421629,,
"Baltimore-Columbia-Towson, MD Metro Area",2770738,2802789,1.156767619,,
"Valdosta, GA Metro Area",143947,145577,1.132361216,,
"Zanesville, OH Micro Area",85231,86183,1.116964485,,
"Grand Island, NE Metro Area",84168,85104,1.112061591,,
"Wichita, KS Metro Area",637989,645031,1.103780786,,
"Providence-Warwick, RI-MA Metro Area",1604291,1621337,1.06252544,,
"Jefferson City, MO Metro Area",148703,150243,1.035621339,,
"Philadelphia-Camden-Wilmington, PA-NJ-DE-MD Metro Area",6034678,6096372,1.022324638,,
"Helena, MT Micro Area",77995,78791,1.020578242,,
"Birmingham-Hoover, AL Metro Area",1140300,1151801,1.00859423,,
"Santa Rosa, CA Metro Area",495025,499942,0.993283168,,
"La Crosse-Onalaska, WI-MN Metro Area",135512,136808,0.956372867,,
"Roanoke, VA Metro Area",311607,314515,0.933226789,,
"Oshkosh-Neenah, WI Metro Area",169541,171020,0.872355359,,
"London, KY Micro Area",127119,128214,0.861397588,,
"Fort Smith, AR-OK Metro Area",279974,282318,0.837220599,,
"Clearlake, CA Micro Area",63860,64382,0.817413091,,
"Jackson, MS Metro Area",578361,583080,0.815926385,,
"Stevens Point, WI Micro Area",70380,70942,0.798522307,,
"Racine, WI Metro Area",195041,196584,0.791115714,,
"Wooster, OH Micro Area",115071,115967,0.778649703,,
"Springfield, MA Metro Area",626915,631761,0.772991554,,
"Anchorage, AK Metro Area",396142,399148,0.758818807,,
"Augusta-Waterville, ME Micro Area",121164,122083,0.758476115,,
"Whitewater-Elkhorn, WI Micro Area",102945,103718,0.750886396,,
"Watertown-Fort Atkinson, WI Micro Area",84509,85129,0.73364967,,
"Detroit-Warren-Dearborn, MI Metro Area",4294983,4326442,0.732459244,,
"Farmington, MO Micro Area",66215,66692,0.720380578,,
"Talladega-Sylacauga, AL Micro Area",92206,92812,0.657224042,,
"Tupelo, MS Micro Area",139671,140552,0.630768019,,
"Shelby, NC Micro Area",97047,97645,0.616196276,,
"Albany-Schenectady-Troy, NY Metro Area",877905,883169,0.599609297,,
"Redding, CA Metro Area",178980,180040,0.592244944,,
"Nacogdoches, TX Micro Area",65330,65711,0.58319302,,
"Sioux City, IA-NE-SD Metro Area",168491,169354,0.51219353,,
"Dayton, OH Metro Area",802489,806548,0.505801326,,
"Ukiah, CA Micro Area",87192,87606,0.474814203,,
"Elizabethtown-Fort Knox, KY Metro Area",151740,152459,0.473836826,,
"Sheboygan, WI Metro Area",114922,115456,0.464662989,,
"Memphis, TN-MS-AR Metro Area",1343850,1350064,0.462402798,,
"Meridian, MS Micro Area",103704,104181,0.459962972,,
"Bridgeport-Stamford-Norwalk, CT Metro Area",939904,943823,0.416957477,,
"Milwaukee-Waukesha-West Allis, WI Metro Area",1569659,1576113,0.411172108,,
"Dothan, AL Metro Area",147691,148245,0.375107488,,
"Hattiesburg, MS Metro Area",148644,149119,0.319555448,,
"Searcy, AR Micro Area",78483,78727,0.310895353,,
"Hanford-Corcoran, CA Metro Area",150960,151366,0.268945416,,
"Findlay, OH Micro Area",75773,75930,0.207197815,,
"St. Louis, MO-IL Metro Area",2799609,2804724,0.182704085,,
"Mount Pleasant, MI Micro Area",70436,70562,0.178885797,,
"Terre Haute, IN Metro Area",168400,168679,0.16567696,,
"New York-Newark-Jersey City, NY-NJ-PA Metro Area",19949502,19979477,0.150254377,,
"Evansville, IN-KY Metro Area",314280,314672,0.124729541,,
"Waterloo-Cedar Falls, IA Metro Area",169484,169659,0.103254585,,
"Lewiston-Auburn, ME Metro Area",107604,107679,0.069700011,,
"Wichita Falls, TX Metro Area",151201,151306,0.069443985,,
"Monroe, MI Metro Area",150376,150439,0.041894983,,
"Wausau, WI Metro Area",135416,135428,0.008861582,,
"Parkersburg-Vienna, WV Metro Area",92519,92499,-0.021617181,,
"Mobile, AL Metro Area",414079,413757,-0.077762939,,
"Clarksburg, WV Micro Area",89801,89718,-0.092426588,,
"Manhattan, KS Metro Area",98085,97980,-0.107050008,,
"Florence-Muscle Shoals, AL Metro Area",147317,147149,-0.114039792,,
"Akron, OH Metro Area",705686,704845,-0.119174817,,
"Keene, NH Micro Area",76610,76493,-0.152721577,,
"Trenton, NJ Metro Area",370414,369811,-0.162790823,,
"Claremont-Lebanon, NH-VT Micro Area",217595,217215,-0.174636366,,
"Forest City, NC Micro Area",66956,66826,-0.194157357,,
"Marshall, TX Micro Area",66886,66726,-0.239212989,,
"Wilson, NC Micro Area",81667,81455,-0.259590777,,
"Hermiston-Pendleton, OR Micro Area",89222,88920,-0.33848154,,
"Urban Honolulu, HI Metro Area",983429,980080,-0.34054314,,
"Buffalo-Cheektowaga-Niagara Falls, NY Metro Area",1134115,1130152,-0.349435463,,
"Houma-Thibodaux, LA Metro Area",209890,209136,-0.35923579,,
"Greenfield Town, MA Micro Area",71221,70963,-0.362252706,,
"Cleveland-Elyria, OH Metro Area",2064725,2057009,-0.373705941,,
"Duluth, MN-WI Metro Area",279887,278799,-0.388728308,,
"Battle Creek, MI Metro Area",135012,134487,-0.388854324,,
"Lufkin, TX Micro Area",87441,87092,-0.399126268,,
"Chicago-Naperville-Elgin, IL-IN-WI Metro Area",9537040,9497790,-0.41155327,,
"Kokomo, IN Metro Area",82760,82366,-0.476075399,,
"New Philadelphia-Dover, OH Micro Area",92672,92176,-0.535220994,,
"New Haven-Milford, CT Metro Area",862287,857620,-0.541235111,,
"Mansfield, OH Metro Area",121773,121099,-0.553488869,,
"Beaver Dam, WI Micro Area",88344,87847,-0.562573576,,
"Florence, SC Metro Area",206261,204961,-0.630269416,,
"Napa, CA Metro Area",140326,139417,-0.647777319,,
"Bloomington, IL Metro Area",192140,190884,-0.653690018,,
"Kingsport-Bristol-Bristol, TN-VA Metro Area",308643,306562,-0.674241762,,
"North Wilkesboro, NC Micro Area",69023,68557,-0.675137273,,
"Topeka, KS Metro Area",234203,232594,-0.687010841,,
"Montgomery, AL Metro Area",376066,373401,-0.708652205,,
"Niles-Benton Harbor, MI Metro Area",155252,154141,-0.715610749,,
"Hartford-West Hartford-East Hartford, CT Metro Area",1215211,1206300,-0.733288293,,
"Barnstable Town, MA Metro Area",214990,213413,-0.733522489,,
"Ithaca, NY Metro Area",103617,102793,-0.795236303,,
"Davenport-Moline-Rock Island, IA-IL Metro Area",383257,380106,-0.822163718,,
"Opelousas, LA Micro Area",83454,82764,-0.82680279,,
"Midland, MI Metro Area",83919,83209,-0.846053933,,
"Decatur, AL Metro Area",153374,152046,-0.865857316,,
"Toledo, OH Metro Area",608145,602871,-0.867227388,,
"Great Falls, MT Metro Area",82384,81643,-0.899446494,,
"Adrian, MI Micro Area",99188,98266,-0.929547929,,
"Jackson, MI Metro Area",160369,158823,-0.964026713,,
"Marion, OH Micro Area",65905,65256,-0.984750778,,
"Monroe, LA Metro Area",178565,176805,-0.985635483,,
"Quincy, IL-MO Micro Area",76786,76007,-1.014507853,,
"Owosso, MI Micro Area",68900,68192,-1.027576197,,
"Minot, ND Micro Area",76478,75668,-1.059128115,,
"Goldsboro, NC Metro Area",124583,123248,-1.071574773,,
"Plattsburgh, NY Micro Area",81591,80695,-1.098160336,,
"Jackson, TN Metro Area",130645,129209,-1.099161851,,
"Alexandria, LA Metro Area",154753,153044,-1.104340465,,
"Rochester, NY Metro Area",1083278,1071082,-1.12584212,,
"Michigan City-La Porte, IN Metro Area",111281,110007,-1.144849525,,
"Farmington, NM Metro Area",126503,125043,-1.154122827,,
"Springfield, OH Metro Area",136167,134585,-1.161808661,,
"Scranton--Wilkes-Barre--Hazleton, PA Metro Area",562037,555485,-1.16575955,,
"Wisconsin Rapids-Marshfield, WI Micro Area",73959,73055,-1.222298841,,
"Canton-Massillon, OH Metro Area",403707,398655,-1.251402626,,
"Chillicothe, OH Micro Area",77910,76931,-1.256578103,,
"Kingston, NY Metro Area",180998,178599,-1.32542901,,
"Gadsden, AL Metro Area",103931,102501,-1.375912865,,
"Gallup, NM Micro Area",73308,72290,-1.388661538,,
"Fairbanks, AK Metro Area",100436,98971,-1.458640328,,
"Bangor, ME Metro Area",153364,151096,-1.478834668,,
"Sumter, SC Metro Area",108123,106512,-1.489969757,,
"Mount Airy, NC Micro Area",73050,71948,-1.508555784,,
"Pittsburgh, PA Metro Area",2360867,2324743,-1.530115843,,
"St. Joseph, MO-KS Metro Area",128989,126991,-1.548969292,,
"Macon, GA Metro Area",230300,226680,-1.571862788,,
"Roswell, NM Micro Area",65823,64689,-1.72280206,,
"Syracuse, NY Metro Area",661934,650502,-1.727060402,,
"Key West, FL Micro Area",76351,75027,-1.734096475,,
"Marquette, MI Micro Area",67700,66516,-1.748892171,,
"Carbondale-Marion, IL Metro Area",126738,124475,-1.785573388,,
"Kankakee, IL Metro Area",112120,110024,-1.869425615,,
"Sandusky, OH Micro Area",76048,74615,-1.884336209,,
"Hinesville, GA Metro Area",81555,80008,-1.896879407,,
"Springfield, IL Metro Area",211695,207676,-1.898486029,,
"Cape Girardeau, MO-IL Metro Area",95463,93647,-1.9023077,,
"Bloomsburg-Berwick, PA Metro Area",85338,83696,-1.924113525,,
"Manitowoc, WI Micro Area",80654,79074,-1.958985295,,
"Rockford, IL Metro Area",344623,337658,-2.021049088,,
"Flint, MI Metro Area",415376,406892,-2.042486807,,
"Sierra Vista-Douglas, AZ Metro Area",129473,126770,-2.087693959,,
"Anniston-Oxford-Jacksonville, AL Metro Area",116736,114277,-2.106462445,,
"Utica-Rome, NY Metro Area",297766,291410,-2.134562039,,
"DuBois, PA Micro Area",81174,79388,-2.200211891,,
"Lumberton, NC Micro Area",134841,131831,-2.232258734,,
"Shreveport-Bossier City, LA Metro Area",446471,436341,-2.268904363,,
"Casper, WY Metro Area",80973,79115,-2.294592025,,
"Muncie, IN Metro Area",117484,114772,-2.308399442,,
"Glens Falls, NY Metro Area",128430,125462,-2.31098653,,
"Ashtabula, OH Micro Area",99811,97493,-2.322389316,,
"Ottawa-Peru, IL Micro Area",151378,147853,-2.328607856,,
"Columbus, GA-AL Metro Area",314519,307149,-2.343260662,,
"Pittsfield, MA Metro Area",129585,126348,-2.497974303,,
"Lima, OH Metro Area",105298,102663,-2.502421698,,
"Olean, NY Micro Area",78892,76840,-2.601024185,,
"Martinsville, VA Micro Area",66688,64947,-2.610664587,,
"Williamsport, PA Metro Area",116754,113664,-2.646590267,,
"Meadville, PA Micro Area",87376,85063,-2.647180004,,
"Norwich-New London, CT Metro Area",274150,266784,-2.686850264,,
"Bay City, MI Metro Area",106832,103923,-2.722966901,,
"Muskogee, OK Micro Area",70303,68362,-2.760906362,,
"Hutchinson, KS Micro Area",64190,62342,-2.878953108,,
"Richmond, IN Micro Area",67893,65936,-2.882476839,,
"Corning, NY Micro Area",98650,95796,-2.89305626,,
"Saginaw, MI Metro Area",196542,190800,-2.921512959,,
"Auburn, NY Micro Area",79477,77145,-2.934182216,,
"Erie, PA Metro Area",280294,272061,-2.937273006,,
"Youngstown-Warren-Boardman, OH-PA Metro Area",555506,538952,-2.979985815,,
"Altoona, PA Metro Area",126314,122492,-3.025792865,,
"Marinette, WI-MI Micro Area",65401,63417,-3.033592759,,
"Salem, OH Micro Area",105893,102665,-3.048360137,,
"Binghamton, NY Metro Area",247777,240219,-3.050323476,,
"Rocky Mount, NC Metro Area",150667,146021,-3.083621496,,
"Huntington-Ashland, WV-KY-OH Metro Area",364101,352823,-3.097492179,,
"Torrington, CT Micro Area",186924,181111,-3.109820034,,
"Sunbury, PA Micro Area",94076,91083,-3.181470301,,
"Cumberland, MD-WV Metro Area",101225,97915,-3.269943196,,
"Albany, GA Metro Area",156277,151158,-3.275593977,,
"Pottsville, PA Micro Area",146920,142067,-3.303158181,,
"Somerset, PA Micro Area",76520,73952,-3.355985363,,
"Portsmouth, OH Micro Area",78153,75502,-3.392064284,,
"Ocean City, NJ Metro Area",95897,92560,-3.479775175,,
"Ogdensburg-Massena, NY Micro Area",111963,108047,-3.497584023,,
"Danville, VA Micro Area",105333,101642,-3.504125013,,
"New Castle, PA Micro Area",89333,86184,-3.525013153,,
"Weirton-Steubenville, WV-OH Metro Area",124718,120228,-3.600121875,,
"Peoria, IL Metro Area",382776,368683,-3.681787782,,
"Indiana, PA Micro Area",87745,84501,-3.697076757,,
"Atlantic City-Hammonton, NJ Metro Area",275862,265429,-3.781963445,,
"Jamestown-Dunkirk-Fredonia, NY Micro Area",133080,127939,-3.863089871,,
"Wheeling, WV-OH Metro Area",145757,140045,-3.918851239,,
"Vineland-Bridgeton, NJ Metro Area",157332,150972,-4.042407139,,
"Decatur, IL Metro Area",109278,104712,-4.178334157,,
"New Bern, NC Metro Area",128853,123433,-4.206343663,,
"Lawton, OK Metro Area",131396,125696,-4.338031599,,
"Danville, IL Metro Area",80329,76806,-4.385713752,,
"Orangeburg, SC Micro Area",90942,86934,-4.407204592,,
"Marion, IN Micro Area",69126,65936,-4.61476145,,
"Elmira, NY Metro Area",88506,84254,-4.804194066,,
"Roanoke Rapids, NC Micro Area",74292,70250,-5.44069348,,
"Bluefield, WV-VA Micro Area",106087,99986,-5.750940266,,
"Beckley, WV Metro Area",124432,117272,-5.754146843,,
"Charleston, WV Metro Area",224727,211285,-5.981479751,,
"Johnstown, PA Metro Area",140499,131730,-6.241325561,,
"Pine Bluff, AR Metro Area",96415,90306,-6.336151014,,
"Watertown-Fort Drum, NY Metro Area",119504,111755,-6.484301781,,
"Laurel, MS Micro Area",87563,81762,-6.624944326,,